id,name,age
1,Alice,30
2,Bob,25
3,Charlie,
4,Diana,28
5,Eve,
6,Frank,35
7,Grace,22
8,Henry,
9,Iris,29
10,Jack,31
11,Kate,
12,Liam,27
13,Mia,
14,Noah,33
15,Olivia,26
16,Paul,
17,Quinn,24
18,Rachel,
19,Sam,32
20,Tara,28
21,Uma,
22,Victor,30
23,Wendy,
24,Xander,29
25,Yara,25
26,Zoe,
27,Alice,30
28,Bob,25
29,Charlie,34
30,Diana,28
31,Eve,31
32,Frank,35
33,Grace,22
34,Henry,36
35,Iris,29
36,Jack,31
37,Kate,27
38,Liam,27
39,Mia,23
40,Noah,33
41,Olivia,26
42,Paul,28
43,Quinn,24
44,Rachel,30
45,Sam,32
46,Tara,28
47,Uma,26
48,Victor,30
49,Wendy,24
50,Xander,29
